#node	date	numeric date
NODE_0000005	-1331-02-20	-1330.858736
NODE_0000130	-1045-11-21	-1044.109676
LT992439.1DA27/Kazakhstan/407/Kazakhstan/	0407-01-01	407.000000
NODE_0000131	-025-04-08	-24.730328
D5/GQ205380/India/2007/India/	2007-01-01	2007.000000
NODE_0000132	0081-11-02	81.840400
D/JN664923/India/2010/India/	2010-01-01	2010.000000
NODE_0000133	0283-05-03	283.336917
D/JN664947/India/2010/India/	2010-01-01	2010.000000
NODE_0000134	0573-09-18	573.717171
D/JN664929/India/2010/India/	2010-01-01	2010.000000
NODE_0000135	0640-03-19	640.215204
NODE_0000136	0731-05-25	731.398128
D/JN664932/India/2010/India/	2010-01-01	2010.000000
D5/GQ205379/India/2007/India/	2007-01-01	2007.000000
NODE_0000137	0727-12-07	727.933652
NODE_0000138	0941-07-26	941.567764
D/JN664940/India/2010/India/	2010-01-01	2010.000000
NODE_0000139	0976-05-24	976.394724
D/JN664926/India/2010/India/	2010-01-01	2010.000000
NODE_0000140	1048-08-10	1048.608608
D/JN664924/India/2010/India/	2010-01-01	2010.000000
D/JN664934/India/2010/India/	2010-01-01	2010.000000
NODE_0000141	1002-05-11	1002.359865
NODE_0000142	1550-05-04	1550.340618
D5/GQ205383/India/2008/India/	2008-01-01	2008.000000
D5/GQ205384/India/2008/India/	2008-01-01	2008.000000
NODE_0000143	1194-07-28	1194.572247
NODE_0000144	1692-11-07	1692.854026
D5/GQ205381/India/2008/India/	2008-01-01	2008.000000
D5/GQ205382/India/2008/India/	2008-01-01	2008.000000
NODE_0000145	1442-03-27	1442.235880
NODE_0000146	1463-01-22	1463.062241
D5/GQ205389/India/2008/India/	2008-01-01	2008.000000
NODE_0000147	1636-10-06	1636.765360
D5/GQ205388/India/2008/India/	2008-01-01	2008.000000
NODE_0000148	1773-01-02	1773.007263
D/JN664915/India/2010/India/	2010-01-01	2010.000000
D/JN664925/India/2010/India/	2010-01-01	2010.000000
NODE_0000149	1640-10-05	1640.762703
D5/GQ205385/India/2008/India/	2008-01-01	2008.000000
NODE_0000150	1761-01-21	1761.059900
D5/GQ205377/India/2007/India/	2007-01-01	2007.000000
NODE_0000151	1858-04-15	1858.290014
D5/GQ205378/India/2007/India/	2007-01-01	2007.000000
D5/GQ205386/India/2008/India/	2008-01-01	2008.000000
D5/GQ205387/India/2008/India/	2008-01-01	2008.000000
NODE_0000129	-1133-12-01	-1132.080813
LT992444.1DA51/Kyrgyzstan/-280/Kyrgyzstan/	-280-01-01	-280.000000
NODE_0000128	-764-12-20	-763.029781
NODE_0000153	-334-09-12	-333.300695
NODE_0000154	0132-11-05	132.847957
D6/KF170740/Sudan/2008/Sudan/	2008-01-01	2008.000000
NODE_0000155	0193-11-13	193.869917
NODE_0000156	0280-05-17	280.377314
NODE_0000157	0401-08-13	401.618659
D/GQ161754/Ghana/2000/Ghana/	2000-01-01	2000.000000
D7/FJ904433/Tunisia/2005/Tunisia/	2005-01-01	2005.000000
NODE_0000158	0791-12-25	791.985006
D/FJ349207/Belgium/1998/Belgium/	1998-01-01	1998.000000
NODE_0000159	0912-09-22	912.726966
D7/FJ904406/Tunisia/2006/Tunisia/	2006-01-01	2006.000000
NODE_0000160	0936-09-09	936.692448
D7/FJ904425/Tunisia/2006/Tunisia/	2006-01-01	2006.000000
NODE_0000161	0969-04-29	969.328107
D7/FJ904440/Tunisia/2006/Tunisia/	2006-01-01	2006.000000
NODE_0000162	1075-03-19	1075.215954
D7/FJ904400/Tunisia/2006/Tunisia/	2006-01-01	2006.000000
D7/FJ904441/Tunisia/2006/Tunisia/	2006-01-01	2006.000000
NODE_0000163	0468-05-13	468.365578
NODE_0000164	1337-12-24	1337.982570
D/G10414a/Belgium/1992/Belgium/	1992-01-01	1992.000000
D/MB116/Belgium/2008/Congo/	2008-01-01	2008.000000
NODE_0000165	0558-08-04	558.593732
NODE_0000166	0689-03-26	689.232818
NODE_0000167	0895-04-25	895.316292
D7/FJ904397/Tunisia/2006/Tunisia/	2006-01-01	2006.000000
D7/FJ904442/Tunisia/2005/Tunisia/	2005-01-01	2005.000000
NODE_0000168	0829-07-06	829.512117
D7/FJ904436/Tunisia/2006/Tunisia/	2006-01-01	2006.000000
NODE_0000169	0977-12-30	977.997728
D7/FJ904428/Tunisia/2006/Tunisia/	2006-01-01	2006.000000
D7/FJ904439/Tunisia/2006/Tunisia/	2006-01-01	2006.000000
NODE_0000170	0742-03-08	742.185830
D7/FJ904403/Tunisia/2006/Tunisia/	2006-01-01	2006.000000
NODE_0000172	0828-07-29	828.577380
D7/FJ904404/Tunisia/2006/Tunisia/	2006-01-01	2006.000000
NODE_0000173	0921-02-08	921.106815
D7/FJ904413/Tunisia/2006/Tunisia/	2006-01-01	2006.000000
NODE_0000174	0985-08-11	985.610789
D7/FJ904394/Tunisia/2005/Tunisia/	2005-01-01	2005.000000
NODE_0000175	1189-01-02	1189.007100
D7/FJ904401/Tunisia/2006/Tunisia/	2006-01-01	2006.000000
D7/FJ904438/Tunisia/2006/Tunisia/	2006-01-01	2006.000000
NODE_0000176	0806-04-03	806.255643
D7/FJ904395/Tunisia/2006/Tunisia/	2006-01-01	2006.000000
NODE_0000178	0943-10-31	943.834835
D7/FJ904396/Tunisia/2006/Tunisia/	2006-01-01	2006.000000
D7/FJ904435/Tunisia/2006/Tunisia/	2006-01-01	2006.000000
NODE_0000179	0837-06-03	837.424267
NODE_0000180	0868-08-31	868.666857
NODE_0000181	1040-06-27	1040.488351
D7/FJ904430/Tunisia/2005/Tunisia/	2005-01-01	2005.000000
D7/FJ904447/Tunisia/2006/Tunisia/	2006-01-01	2006.000000
NODE_0000182	0924-05-27	924.403548
D7/FJ904407/Tunisia/2006/Tunisia/	2006-01-01	2006.000000
D7/FJ904419/Tunisia/2006/Tunisia/	2006-01-01	2006.000000
NODE_0000184	1087-02-02	1087.091039
D7/FJ904408/Tunisia/2006/Tunisia/	2006-01-01	2006.000000
D7/FJ904410/Tunisia/2006/Tunisia/	2006-01-01	2006.000000
NODE_0000185	0914-03-05	914.176132
NODE_0000186	0985-07-24	985.561963
D1/FJ904444/Tunisia/2006/Tunisia/	2006-01-01	2006.000000
NODE_0000187	1887-06-30	1887.496061
D7/FJ904416/Tunisia/2006/Tunisia/	2006-01-01	2006.000000
D7/FJ904417/Tunisia/2006/Tunisia/	2006-01-01	2006.000000
NODE_0000188	0931-08-02	931.586289
NODE_0000189	1068-09-16	1068.710754
D7/FJ904398/Tunisia/2005/Tunisia/	2005-01-01	2005.000000
D7/FJ904437/Tunisia/2006/Tunisia/	2006-01-01	2006.000000
NODE_0000190	1005-09-03	1005.675069
D7/FJ904405/Tunisia/2006/Tunisia/	2006-01-01	2006.000000
D7/FJ904414/Tunisia/2006/Tunisia/	2006-01-01	2006.000000
NODE_0000191	0197-04-20	197.301961
NODE_0000192	1169-01-07	1169.021863
D4/KJ470891/Brazil/2008/Brazil/	2008-01-01	2008.000000
NODE_0000193	1210-11-05	1210.847796
D4/KJ470898/Brazil/2010/Brazil/	2010-01-01	2010.000000
NODE_0000194	1254-05-29	1254.409483
D4/KJ470885/Brazil/2010/Brazil/	2010-01-01	2010.000000
NODE_0000195	1273-12-27	1273.990361
D4/KJ470897/Brazil/2008/Brazil/	2008-01-01	2008.000000
NODE_0000196	1296-02-26	1296.157457
D4/KJ470892/Brazil/2008/Brazil/	2008-01-01	2008.000000
NODE_0000197	1426-04-05	1426.262045
D4/KJ470893/Brazil/2009/Brazil/	2009-01-01	2009.000000
D4/KJ470896/Brazil/2009/Brazil/	2009-01-01	2009.000000
NODE_0000199	1305-01-03	1305.008543
NODE_0000200	1423-01-31	1423.085035
D4/KJ470894/Brazil/2010/Brazil/	2010-01-01	2010.000000
D4/KJ470895/Brazil/2009/Brazil/	2009-01-01	2009.000000
NODE_0000201	1774-03-16	1774.205859
D4/KJ470887/Brazil/2009/Brazil/	2009-01-01	2009.000000
NODE_0000203	1890-01-10	1890.028888
D4/KJ470884/Brazil/2010/Brazil/	2010-01-01	2010.000000
D4/KJ470886/Brazil/2009/Brazil/	2009-01-01	2009.000000
NODE_0000204	1944-07-01	1944.500548
D4/KJ470890/Brazil/2009/Brazil/	2009-01-01	2009.000000
NODE_0000205	1959-08-05	1959.594190
D4/KJ470888/Brazil/2009/Brazil/	2009-01-01	2009.000000
D4/KJ470889/Brazil/2009/Brazil/	2009-01-01	2009.000000
NODE_0000206	0431-02-10	431.113183
NODE_0000207	0498-07-19	498.549145
NODE_0000208	1056-04-04	1056.257957
D4/GQ922004/Canada/1984/Canada/	1984-01-01	1984.000000
NODE_0000209	1184-06-29	1184.494687
D4/GQ922003/Canada/1984/Canada/	1984-01-01	1984.000000
D4/GQ922005/Canada/1984/Canada/	1984-01-01	1984.000000
NODE_0000210	1000-06-30	1000.497415
NODE_0000211	1056-11-11	1056.863651
D/KF779353/USA/2003/USA/	2003-01-01	2003.000000
D4/FJ692536/Haiti/2006/Haiti/	2006-01-01	2006.000000
NODE_0000212	1738-09-26	1738.737400
D4/FJ692532/Haiti/2006/Haiti/	2006-01-01	2006.000000
D4/FJ692533/Haiti/2006/Haiti/	2006-01-01	2006.000000
NODE_0000213	1240-04-27	1240.320820
D/HQ700458/NewZealand/1997/NewZealand/	1997-01-01	1997.000000
NODE_0000214	1312-07-10	1312.525126
NODE_0000215	1415-05-02	1415.335609
D/HQ700493/Fiji/2004/Fiji/	2004-01-01	2004.000000
D/HQ700494/Fiji/2004/Fiji/	2004-01-01	2004.000000
NODE_0000216	1470-01-04	1470.012822
D/HQ700503/Tonga/1992/Tonga/	1992-01-01	1992.000000
NODE_0000217	1536-08-31	1536.666899
D/HQ700492/Fiji/2004/Fiji/	2004-01-01	2004.000000
NODE_0000093	1698-09-26	1698.736483
NODE_0000098	1807-11-26	1807.903917
NODE_0000221	1839-05-31	1839.416049
D/HQ700500/Samoa/1993/Samoa/	1993-01-01	1993.000000
D/HQ700501/Samoa/1991/Samoa/	1991-01-01	1991.000000
NODE_0000104	1807-11-26	1807.903917
D/HQ700535/Kiribati/2004/Kiribati/	2004-01-01	2004.000000
NODE_0000222	2004-01-01	2004.000000
D/HQ700524/PapuaNewGuinea/2004/PapuaNewGuinea/	2004-01-01	2004.000000
D/HQ700525/PapuaNewGuinea/2004/PapuaNewGuinea/	2004-01-01	2004.000000
NODE_0000223	1728-08-19	1728.634547
NODE_0000224	1934-08-19	1934.634505
D/HQ700497/Fiji/2004/Fiji/	2004-01-01	2004.000000
D/HQ700538/Kiribati/2004/Kiribati/	2004-01-01	2004.000000
NODE_0000225	1745-08-18	1745.631749
D/HQ700534/Kiribati/2004/Kiribati/	2004-01-01	2004.000000
NODE_0000229	1933-02-15	1933.127550
D/HQ700537/Kiribati/2004/Kiribati/	2004-01-01	2004.000000
D/HQ700540/Kiribati/2004/Kiribati/	2004-01-01	2004.000000
NODE_0000226	1797-11-16	1797.877598
D/HQ700541/Kiribati/2005/Kiribati/	2005-01-01	2005.000000
NODE_0000227	1814-02-05	1814.100727
D/HQ700533/Kiribati/2004/Kiribati/	2004-01-01	2004.000000
D/HQ700536/Kiribati/2004/Kiribati/	2004-01-01	2004.000000
NODE_0000127	-051-12-16	-50.040087
NODE_0000230	0256-04-11	256.276961
NODE_0000231	0666-03-30	666.243846
LT992454.1DA222/Kazakhstan/850/Kazakhstan/	0850-01-01	850.000000
NODE_0000232	0797-08-07	797.601851
NODE_0000233	1218-11-01	1218.836219
D/AB270538/Mongolia/2005/Mongolia/	2005-01-01	2005.000000
D/AB270539/Mongolia/2005/Mongolia/	2005-01-01	2005.000000
NODE_0000234	1592-06-22	1592.474270
D/KC774450/China/2012/China/	2012-01-01	2012.000000
NODE_0000235	1790-08-23	1790.643761
D/KC774436/China/2012/China/	2012-01-01	2012.000000
D/KC774460/China/2012/China/	2012-01-01	2012.000000
NODE_0000236	0539-07-22	539.557636
NODE_0000237	0744-04-07	744.267147
D/EU939680/China/2005/China/	2005-01-01	2005.000000
NODE_0000239	0782-01-22	782.060631
D/JN664943/India/2010/India/	2010-01-01	2010.000000
NODE_0000240	1476-01-03	1476.009874
D/KF779214/USA/1999/USA/	1999-01-01	1999.000000
NODE_0000241	1580-08-24	1580.647149
D/EU414142/Belarus/2005/Belarus/	2005-01-01	2005.000000
NODE_0000242	1648-01-11	1648.032141
D/EU414141/Belarus/2005/Belarus/	2005-01-01	2005.000000
D3/EU594436/Russia/1997/Russia/	1997-01-01	1997.000000
NODE_0000243	0886-06-11	886.444811
NODE_0000244	1406-01-08	1406.022900
D/GQ183478/India/2009/India/	2009-01-01	2009.000000
D/GQ183485/India/2009/India/	2009-01-01	2009.000000
NODE_0000245	0916-04-14	916.286798
D/GQ183486/India/2009/India/	2009-01-01	2009.000000
D/KC774437/China/2012/China/	2012-01-01	2012.000000
NODE_0000247	1111-11-29	1111.914207
NODE_0000248	1211-06-26	1211.485108
D3/KM577666/Iran/2006/Iran/	2006-01-01	2006.000000
D3/KM577667/Iran/2006/Iran/	2006-01-01	2006.000000
NODE_0000249	1415-12-08	1415.937045
D3/KM577665/Iran/2006/Iran/	2006-01-01	2006.000000
NODE_0000250	1985-11-26	1985.905254
D3/KM577663/Iran/2006/Iran/	2006-01-01	2006.000000
D3/KM577664/Iran/2006/Iran/	2006-01-01	2006.000000
NODE_0000251	0640-12-17	640.961476
NODE_0000252	0695-11-18	695.883315
LT992438.1DA29/Kazakhstan/1195/Kazakhstan/	1195-01-01	1195.000000
NODE_0000253	0851-06-09	851.440559
D/EU414143/Belarus/2005/Belarus/	2005-01-01	2005.000000
NODE_0000254	1356-04-03	1356.256240
NODE_0000255	1855-07-23	1855.560695
D/AB554016/Indonesia/2009/Indonesia/	2009-01-01	2009.000000
NODE_0000256	1910-02-10	1910.113864
D/AB554023/Indonesia/2009/Indonesia/	2009-01-01	2009.000000
D/AB554024/Indonesia/2009/Indonesia/	2009-01-01	2009.000000
NODE_0000257	1372-09-18	1372.714807
NODE_0000258	1474-08-17	1474.629353
D/EU921418/Indonesia/2007/Indonesia/	2007-01-01	2007.000000
D/EU921419/Indonesia/2007/Indonesia/	2007-01-01	2007.000000
NODE_0000259	1510-11-03	1510.843169
D/AB493846/Indonesia/2004/Indonesia/	2004-01-01	2004.000000
NODE_0000260	1828-01-31	1828.087190
D/AB493845/Indonesia/2004/Indonesia/	2004-01-01	2004.000000
D/AB493848/Indonesia/2004/Indonesia/	2004-01-01	2004.000000
NODE_0000261	0681-01-12	681.035248
NODE_0000262	0735-01-07	735.020996
NODE_0000263	0812-10-14	812.787023
D/FJ349213/Belgium/1999/Belgium/	1999-01-01	1999.000000
D/FJ349232/Belgium/2006/Belgium/	2006-01-01	2006.000000
NODE_0000264	1116-07-31	1116.581938
D3/KM359442/Argentina/2009/Argentina/	2009-01-01	2009.000000
D3/KM386676/Argentina/2009/Argentina/	2009-01-01	2009.000000
NODE_0000265	0709-06-19	709.467820
D/AB270537/Mongolia/2005/Mongolia/	2005-01-01	2005.000000
NODE_0000266	0739-05-25	739.398375
NODE_0000267	1106-08-09	1106.605121
D/JN664912/India/2010/India/	2010-01-01	2010.000000
D/JN664913/India/2010/India/	2010-01-01	2010.000000
NODE_0000268	0762-06-18	762.462952
D/GU563560/Belgium/2005/Belgium/	2005-01-01	2005.000000
NODE_0000269	0783-12-30	783.999204
NODE_0000270	1205-10-04	1205.758667
D3/HQ236016/Serbia/2007/Serbia/	2007-01-01	2007.000000
NODE_0000271	1481-11-07	1481.854082
D3/HQ236014/Serbia/2007/Serbia/	2007-01-01	2007.000000
D3/HQ236015/Serbia/2007/Serbia/	2007-01-01	2007.000000
NODE_0000272	0800-11-08	800.856605
MG585269-NASD24SEQ/Italy/1578/Italy/	1578-01-01	1578.000000
NODE_0000273	0830-02-06	830.102700
NODE_0000274	1186-04-29	1186.327645
D3/GQ922000/Canada/1985/Canada/	1985-01-01	1985.000000
NODE_0000275	1697-08-21	1697.639759
D3/GQ922001/Canada/1984/Canada/	1984-01-01	1984.000000
D3/GQ922002/Canada/1985/Canada/	1985-01-01	1985.000000
NODE_0000276	0850-07-25	850.566313
NODE_0000277	2006-01-01	2006.000000
D3/FJ692506/Haiti/2006/Haiti/	2006-01-01	2006.000000
D3/FJ692507/Haiti/2006/Haiti/	2006-01-01	2006.000000
NODE_0000278	0948-08-04	948.591879
D/G10715/Belgium/2007/Belgium/	2007-01-01	2007.000000
NODE_0000279	0974-01-09	974.025094
NODE_0000280	1063-08-07	1063.601374
D/FJ349214/Belgium/1999/Belgium/	1999-01-01	1999.000000
NODE_0000281	1168-03-10	1168.189021
D/FJ349221/Belgium/1999/Belgium/	1999-01-01	1999.000000
D3/AL78DHKL/Belgium/2004/Belgium/	2004-01-01	2004.000000
NODE_0000282	1053-12-05	1053.929767
NODE_0000283	1400-05-18	1400.379669
NODE_0000284	1675-03-25	1675.231715
D/81a/Belgium/2002/Belgium/	2002-01-01	2002.000000
D/G1HR4/Belgium/1988/Belgium/	1988-01-01	1988.000000
NODE_0000285	1479-08-02	1479.585920
D/FJ349209/Belgium/1998/Belgium/	1998-01-01	1998.000000
D/G1967/Belgium/1996/Belgium/	1996-01-01	1996.000000
NODE_0000286	1256-06-22	1256.474024
NODE_0000287	1327-01-03	1327.008392
D/FJ349211/Belgium/1998/Belgium/	1998-01-01	1998.000000
D/JN257181/Syria/2010/Syria/	2010-01-01	2010.000000
NODE_0000288	1330-09-30	1330.748241
NODE_0000171	1913-03-01	1913.166206
D/JN664937/India/2010/India/	2010-01-01	2010.000000
NODE_0000177	1913-03-01	1913.166206
D/JN664911/India/2010/India/	2010-01-01	2010.000000
NODE_0000291	1939-11-16	1939.876748
D/JN664917/India/2010/India/	2010-01-01	2010.000000
D/JN664938/India/2010/India/	2010-01-01	2010.000000
NODE_0000292	1344-08-18	1344.631821
NODE_0000293	1441-11-17	1441.880674
D/JN664916/India/2010/India/	2010-01-01	2010.000000
D/JN664936/India/2010/India/	2010-01-01	2010.000000
NODE_0000294	1439-10-19	1439.801669
D/JN664914/India/2010/India/	2010-01-01	2010.000000
NODE_0000295	1545-02-09	1545.110270
D/KF779382/USA/2005/USA/	3458-05-04	3458.340737
NODE_0000296	1663-11-01	1663.835326
D/JN664909/India/2010/India/	2010-01-01	2010.000000
D/JN664910/India/2010/India/	2010-01-01	2010.000000
NODE_0000298	1301-10-16	1301.792806
D/KF779209/USA/1998/USA/	1998-01-01	1998.000000
NODE_0000299	1326-06-01	1326.417063
D/AB210819/Japan/1990/Japan/	1990-01-01	1990.000000
NODE_0000300	1399-01-09	1399.027117
NODE_0000183	1465-02-11	1465.116940
NODE_0000309	1584-09-27	1584.740089
D/AJ131956/Germany/1986/Germany/	1986-01-01	1986.000000
NODE_0000310	1753-06-02	1753.419570
D2/KJ843187/Argentina/2011/Argentina/	2011-01-01	2011.000000
NODE_0000311	1998-06-22	1998.473725
D3/JX470760/Argentina/2008/Argentina/	2008-01-01	2008.000000
D3/KC012652/Argentina/2009/Argentina/	2009-01-01	2009.000000
NODE_0000198	1687-04-20	1687.301175
NODE_0000202	1824-06-24	1824.480407
NODE_0000218	1824-06-24	1824.480407
D3/JX898686/Sweden/1975/Sweden/	1975-01-01	1975.000000
NODE_0000302	1957-05-12	1957.362993
D3/JX898687/Sweden/1975/Sweden/	1975-01-01	1975.000000
D3/JX898688/Sweden/1975/Sweden/	1975-01-01	1975.000000
NODE_0000305	1889-08-26	1889.652127
D3/JX898689/Sweden/1986/Sweden/	1986-01-01	1986.000000
NODE_0000306	1957-08-02	1957.588184
D3/JX898690/Sweden/1996/Sweden/	1996-01-01	1996.000000
NODE_0000228	1996-01-01	1996.000000
D3/JX898692/Sweden/1996/Sweden/	1996-01-01	1996.000000
D3/JX898691/Sweden/1996/Sweden/	1996-01-01	1996.000000
NODE_0000312	1717-03-10	1717.191604
NODE_0000313	1922-12-17	1922.962893
D3/JX898697/Sweden/2009/Sweden/	2009-01-01	2009.000000
NODE_0000314	2008-01-01	2008.000000
D3/JX898698/Sweden/2008/Sweden/	2008-01-01	2008.000000
D3/X898699/Sweden/2008/Sweden/	2008-01-01	2008.000000
NODE_0000316	1788-04-25	1788.315508
D/G10442a/Belgium/1992/Belgium/	1992-01-01	1992.000000
NODE_0000317	1832-10-07	1832.767085
D/U95551/USA/1997/USA/	1997-01-01	1997.000000
NODE_0000318	1914-11-20	1914.889509
D/KF779224/USA/2002/USA/	2002-01-01	2002.000000
D/KF779241/USA/2004/USA/	2004-01-01	2004.000000
NODE_0000319	1863-09-16	1863.711565
D3/JX898694/Sweden/2008/Sweden/	2008-01-01	2008.000000
NODE_0000320	1881-09-01	1881.670637
D3/JX898693/Sweden/1996/Sweden/	1996-01-01	1996.000000
NODE_0000321	1993-09-12	1993.700100
D3/JX898695/Sweden/2008/Sweden/	2008-01-01	2008.000000
D3/JX898696/Sweden/2008/Sweden/	2008-01-01	2008.000000
NODE_0000322	1425-09-21	1425.724714
NODE_0000323	1459-08-08	1459.602514
D/45a/Belgium/1984/Belgium/	1984-01-01	1984.000000
D/FJ349212/Belgium/1998/Belgium/	1998-01-01	1998.000000
NODE_0000324	1446-04-25	1446.315932
NODE_0000332	1687-02-21	1687.144297
NODE_0000333	1968-06-22	1968.474951
D/KF779340/USA/2001/USA/	2001-01-01	2001.000000
D/KF779341/USA/2002/USA/	2002-01-01	2002.000000
NODE_0000334	1933-04-10	1933.274055
D/KF779376/USA/2000/USA/	2000-01-01	2000.000000
D/KF779377/USA/2000/USA/	2000-01-01	2000.000000
NODE_0000325	1564-03-25	1564.232292
D/KF779223/USA/2002/USA/	2002-01-01	2002.000000
D/KF779217/USA/2000/USA/	2000-01-01	2000.000000
NODE_0000327	1647-04-02	1647.253398
NODE_0000328	1732-08-14	1732.621203
D/KF779229/USA/2003/USA/	2003-01-01	2003.000000
D/KF779230/USA/2003/USA/	2003-01-01	2003.000000
NODE_0000329	1665-05-07	1665.347988
D/KF779228/USA/2003/USA/	2003-01-01	2003.000000
NODE_0000330	1808-06-02	1808.418937
D/KF779226/USA/2003/USA/	2003-01-01	2003.000000
D/KF779343/USA/2003/USA/	2003-01-01	2003.000000
NODE_0000335	1458-10-11	1458.779518
NODE_0000336	1567-04-02	1567.253578
D/KF779225/USA/2002/USA/	2002-01-01	2002.000000
NODE_0000337	1729-04-17	1729.295046
D/KF779219/USA/2001/USA/	2001-01-01	2001.000000
D/KF779222/USA/2002/USA/	2002-01-01	2002.000000
NODE_0000338	1550-06-22	1550.475721
D/KF779380/USA/2003/USA/	2003-01-01	2003.000000
NODE_0000339	1679-08-04	1679.591628
D/KF779292/USA/2000/USA/	2000-01-01	2000.000000
NODE_0000340	1763-09-02	1763.672997
D/KF779289/USA/2000/USA/	2000-01-01	2000.000000
NODE_0000341	1817-07-25	1817.564418
D/KF779216/USA/1999/USA/	1999-01-01	1999.000000
NODE_0000342	1838-01-30	1838.084868
NODE_0000343	1864-11-23	1864.897356
D/KF779318/USA/2000/USA/	2000-01-01	2000.000000
NODE_0000344	1875-10-14	1875.786996
D/KF779218/USA/2000/USA/	2000-01-01	2000.000000
NODE_0000345	1954-06-20	1954.468319
D/KF779301/USA/2002/USA/	2002-01-01	2002.000000
D/KF779302/USA/2002/USA/	2002-01-01	2002.000000
NODE_0000346	1953-06-13	1953.450219
D/KF779288/USA/1999/USA/	1999-01-01	1999.000000
D/KF779303/USA/2002/USA/	2002-01-01	2002.000000
D/KF779296/USA/2001/USA/	2001-01-01	2001.000000
NODE_0000349	1999-01-01	1999.000000
D/KF779212/USA/1999/USA/	1999-01-01	1999.000000
D/KF779285/USA/1999/USA/	1999-01-01	1999.000000
NODE_0000126	0091-07-07	91.515957
D/JN664927/India/2010/India/	2010-01-01	2010.000000
NODE_0000125	0270-10-23	270.811641
NODE_0000110	0330-04-25	330.317370
NODE_0000111	0486-06-20	486.470595
NODE_0000112	0564-06-26	564.485016
D/HQ700511/NewCaledonia/2001/NewCaledonia/	2001-01-01	2001.000000
NODE_0000113	0840-12-25	840.985301
NODE_0000114	0943-11-17	943.879498
D/AB555496/Taiwan/2009/Taiwan/	2009-01-01	2009.000000
D/AB555501/Taiwan/2009/Taiwan/	2009-01-01	2009.000000
NODE_0000115	0972-09-17	972.712471
D/AB555497/Taiwan/2009/Taiwan/	2009-01-01	2009.000000
D/AB555500/Taiwan/2009/Taiwan/	2009-01-01	2009.000000
NODE_0000116	1345-03-06	1345.178905
NODE_0000117	1727-10-17	1727.796170
D/JN792907/Greenland/2004/Greenland/	2004-01-01	2004.000000
D/JN792908/Greenland/1998/Greenland/	1998-01-01	1998.000000
NODE_0000118	1395-11-10	1395.861957
NODE_0000289	1919-08-22	1919.642956
D/JN792903/Greenland/2004/Greenland/	2004-01-01	2004.000000
NODE_0000290	1998-01-01	1998.000000
D/JN792910/Greenland/1998/Greenland/	1998-01-01	1998.000000
D/JN792909/Greenland/2004/Greenland/	2004-01-01	2004.000000
NODE_0000121	1410-02-22	1410.147194
NODE_0000122	1705-06-10	1705.443406
D/JN792911/Greenland/1998/Greenland/	1998-01-01	1998.000000
D/JN792912/Greenland/2004/Greenland/	2004-01-01	2004.000000
NODE_0000123	1501-03-18	1501.212883
D/JN792904/Greenland/1998/Greenland/	1998-01-01	1998.000000
NODE_0000124	1728-07-02	1728.501434
D/JN792905/Greenland/2004/Greenland/	2004-01-01	2004.000000
D/JN792906/Greenland/1998/Greenland/	1998-01-01	1998.000000
NODE_0000109	0397-04-05	397.262561
D2/GU456635/Iran/2007/Iran/	2007-01-01	2007.000000
NODE_0000108	0529-11-16	529.878496
D/MB67/Belgium/2006/Congo/	2006-01-01	2006.000000
NODE_0000031	0547-09-26	547.738220
NODE_0000015	0573-05-22	573.390844
NODE_0000004	1042-05-07	1042.347779
NODE_0000006	1124-05-03	1124.336845
D/FJ349208/Belgium/1998/Belgium/	1998-01-01	1998.000000
NODE_0000007	1216-08-25	1216.650632
D/MB35/Belgium/2009/Rwanda/	2009-01-01	2009.000000
D2/AL68KM/Belgium/2006/Belgium/	2006-01-01	2006.000000
NODE_0000002	1073-03-22	1073.223297
NODE_0000003	1419-05-09	1419.353848
D/JQ687530/Serbia/2008/Serbia/	2008-01-01	2008.000000
D/X72702/Germany/1993/Germany/	1993-01-01	1993.000000
NODE_0000001	1808-11-09	1808.859634
D/FJ349206/Belgium/2005/Belgium/	2005-01-01	2005.000000
NODE_0000000	1949-05-24	1949.395197
D/31a/Belgium/2005/Belgium/	2005-01-01	2005.000000
D2/AL74BML/Belgium/2005/Belgium/	2005-01-01	2005.000000
NODE_0000008	1081-12-17	1081.963577
NODE_0000009	1160-10-07	1160.768310
D/AY341335/UK/2003/UK/	2003-01-01	2003.000000
NODE_0000010	1509-11-03	1509.842900
D/FJ349205/Belgium/2005/Belgium/	2005-01-01	2005.000000
NODE_0000011	1549-02-23	1549.149824
D/G10315a/Belgium/1994/Belgium/	1994-01-01	1994.000000
D2/AL67VP/Belgium/2006/Belgium/	2006-01-01	2006.000000
NODE_0000012	1328-12-18	1328.964490
D/EU414139/Belarus/2005/Belarus/	2005-01-01	2005.000000
D/JQ687532/Serbia/2008/Serbia/	2008-01-01	2008.000000
NODE_0000014	1568-03-05	1568.177776
D2/GQ477455/Poland/2006/Poland/	2006-01-01	2006.000000
D2/GQ477457/Poland/2006/Poland/	2006-01-01	2006.000000
NODE_0000016	0713-09-18	713.715212
NODE_0000017	1095-09-29	1095.746182
D/FJ349218/Belgium/1999/Belgium/	1999-01-01	1999.000000
D2/GQ477454/Poland/2006/Poland/	2006-01-01	2006.000000
NODE_0000018	0739-04-11	739.279243
NODE_0000019	1046-12-27	1046.991084
D2/JN642162/Lebanon/2010/Lebanon/	2010-01-01	2010.000000
NODE_0000020	1089-01-11	1089.031601
D2/JN642159/Lebanon/2010/Lebanon/	2010-01-01	2010.000000
NODE_0000021	1243-04-18	1243.296845
D2/JN642148/Lebanon/2010/Lebanon/	2010-01-01	2010.000000
D2/JN642160/Lebanon/2010/Lebanon/	2010-01-01	2010.000000
NODE_0000022	0755-12-09	755.940373
D2/KM577671/Iran/2006/Iran/	2006-01-01	2006.000000
NODE_0000023	0772-05-22	772.388890
NODE_0000024	0838-04-03	838.255162
D2/KM577670/Iran/2006/Iran/	2006-01-01	2006.000000
NODE_0000025	1029-01-20	1029.057224
D2/KM577668/Iran/2006/Iran/	2006-01-01	2006.000000
D2/KM577669/Iran/2006/Iran/	2006-01-01	2006.000000
NODE_0000026	0832-04-22	832.308234
NODE_0000027	1306-06-24	1306.480189
D/JN257178/Syria/2010/Syria/	2010-01-01	2010.000000
D/JN257204/Syria/2009/Syria/	2009-01-01	2009.000000
NODE_0000028	1029-01-13	1029.036428
D/JN257190/Syria/2008/Syria/	2008-01-01	2008.000000
NODE_0000029	1127-09-11	1127.697132
D2/JN642143/Lebanon/2010/Lebanon/	2010-01-01	2010.000000
NODE_0000030	1158-08-06	1158.597536
D2/JN642144/Lebanon/2010/Lebanon/	2010-01-01	2010.000000
D2/JN642163/Lebanon/2010/Lebanon/	2010-01-01	2010.000000
NODE_0000074	0901-02-17	901.131462
NODE_0000075	1707-01-12	1707.033688
D/HQ700510/NewCaledonia/2003/NewCaledonia/	2003-01-01	2003.000000
NODE_0000331	1902-08-27	1902.654362
D/HQ700512/NewCaledonia/2001/NewCaledonia/	2001-01-01	2001.000000
NODE_0000077	1961-05-09	1961.353671
D/HQ700513/NewCaledonia/2001/NewCaledonia/	2001-01-01	2001.000000
D/HQ700514/NewCaledonia/2001/NewCaledonia/	2001-01-01	2001.000000
NODE_0000078	0988-09-21	988.723718
D/AB210820/Japan/2001/Japan/	2001-01-01	2001.000000
NODE_0000079	1022-04-01	1022.250981
NODE_0000080	1125-11-18	1125.883244
D/AB188241/Japan/2001/Japan/	2001-01-01	2001.000000
D2/EU594426/Russia/1997/Russia/	1997-01-01	1997.000000
NODE_0000081	1105-11-18	1105.883961
NODE_0000347	1323-03-17	1323.209172
NODE_0000083	1353-02-04	1353.098141
D/EU414138/Belarus/2005/Belarus/	2005-01-01	2005.000000
D2/EU594398/Russia/1997/Russia/	1997-01-01	1997.000000
NODE_0000363	1429-05-28	1429.407446
D2/EU594425/Russia/1997/Russia/	1997-01-01	1997.000000
NODE_0000085	1523-04-01	1523.250347
D2/EU594399/Russia/1997/Russia/	1997-01-01	1997.000000
NODE_0000086	1695-04-08	1695.268516
NODE_0000087	1876-12-15	1876.956692
D2/EU594430/Russia/1997/Russia/	1997-01-01	1997.000000
D2/EU594433/Russia/1997/Russia/	1997-01-01	1997.000000
NODE_0000088	1903-08-23	1903.644149
D2/JX096954/Latvia/2009/Latvia/	2009-01-01	2009.000000
D2/JX096957/Latvia/2008/Latvia/	2008-01-01	2008.000000
NODE_0000089	1229-11-05	1229.848019
D2/EU594424/Russia/1997/Russia/	1997-01-01	1997.000000
NODE_0000090	1282-08-24	1282.647504
D2/GQ477456/Poland/2006/Poland/	2006-01-01	2006.000000
NODE_0000091	1317-04-01	1317.249335
NODE_0000092	1735-11-21	1735.892380
D/AF043593/Germany/1989/Germany/	1989-01-01	1989.000000
D/AF043594/Germany/1991/Germany/	1991-01-01	1991.000000
NODE_0000094	1600-07-11	1600.526988
D2/EU594427/Russia/1997/Russia/	1997-01-01	1997.000000
NODE_0000095	1694-06-19	1694.465911
NODE_0000096	1880-06-06	1880.430379
D2/EU594415/Russia/1997/Russia/	1997-01-01	1997.000000
D2/EU594421/Russia/1997/Russia/	1997-01-01	1997.000000
NODE_0000097	1835-09-18	1835.716778
D2/EU594416/Russia/1997/Russia/	1997-01-01	1997.000000
D2/JX096958/Latvia/2007/Latvia/	2007-01-01	2007.000000
NODE_0000099	1984-09-16	1984.709327
D2/EU594431/Russia/1997/Russia/	1997-01-01	1997.000000
D2/EU594432/Russia/1997/Russia/	1997-01-01	1997.000000
NODE_0000100	1331-02-18	1331.135237
D/KF779220/USA/2001/USA/	2001-01-01	2001.000000
NODE_0000101	1343-08-03	1343.590384
D2/JX096955/Latvia/1991/Latvia/	1991-01-01	1991.000000
NODE_0000102	1359-07-14	1359.536264
D2/GQ477453/Poland/2006/Poland/	2006-01-01	2006.000000
NODE_0000382	1398-05-03	1398.338585
NODE_0000106	1847-07-16	1847.541529
D2/EU594428/Kazakhstan/1997/Kazakhstan/	1997-01-01	1997.000000
NODE_0000107	1907-04-23	1907.309538
D2/EU594422/Russia/1997/Russia/	1997-01-01	1997.000000
D2/EU594423/Russia/1997/Russia/	1997-01-01	1997.000000
NODE_0000103	1447-06-22	1447.475469
D2/GQ477452/Poland/2006/Poland/	2006-01-01	2006.000000
NODE_0000393	1615-02-26	1615.156357
D/EU414140/Belarus/2005/Belarus/	2005-01-01	2005.000000
D2/JX096956/Latvia/2006/Latvia/	2006-01-01	2006.000000
NODE_0000032	0973-09-12	973.698512
NODE_0000033	1529-09-15	1529.707196
D/JN664939/India/2010/India/	2010-01-01	2010.000000
D/JN664946/India/2010/India/	2010-01-01	2010.000000
NODE_0000034	1051-07-25	1051.564410
D/GQ183484/India/2009/India/	2009-01-01	2009.000000
NODE_0000035	1103-05-07	1103.350158
NODE_0000036	1318-07-01	1318.499409
D/JN664928/India/2010/India/	2010-01-01	2010.000000
D/JN664930/India/2010/India/	2010-01-01	2010.000000
NODE_0000037	1160-02-09	1160.110678
NODE_0000038	1230-08-06	1230.597954
D/JN664918/India/2010/India/	2010-01-01	2010.000000
D/JN664941/India/2010/India/	2010-01-01	2010.000000
NODE_0000040	1537-03-11	1537.191764
D/GQ183476/India/2009/India/	2009-01-01	2009.000000
NODE_0000041	1613-02-23	1613.149482
D/GQ183474/India/2009/India/	2009-01-01	2009.000000
NODE_0000043	1689-09-14	1689.704499
D/GQ183473/India/2009/India/	2009-01-01	2009.000000
D/GQ183475/India/2009/India/	2009-01-01	2009.000000
NODE_0000044	1728-12-08	1728.938262
D/GQ183477/India/2009/India/	2009-01-01	2009.000000
NODE_0000045	1759-07-17	1759.542563
D/GQ183479/India/2009/India/	2009-01-01	2009.000000
NODE_0000046	1804-06-10	1804.442491
D/GQ183481/India/2009/India/	2009-01-01	2009.000000
NODE_0000047	1899-03-10	1899.191341
D/GQ183482/India/2009/India/	2009-01-01	2009.000000
D/GQ183483/India/2009/India/	2009-01-01	2009.000000
NODE_0000048	1193-01-09	1193.024765
D2/GQ924652/Malaysia/2007/Malaysia/	2007-01-01	2007.000000
NODE_0000049	1286-10-18	1286.797292
D/JN664944/India/2010/India/	2010-01-01	2010.000000
NODE_0000050	1529-01-01	1529.003424
D/GQ183471/India/2009/India/	2009-01-01	2009.000000
D/GQ183472/India/2009/India/	2009-01-01	2009.000000
NODE_0000052	1450-04-23	1450.311560
NODE_0000061	1465-04-02	1465.252521
D2/AB090270/Japan/1999/Japan/	1999-01-01	1999.000000
NODE_0000062	1489-10-26	1489.819328
D2/AB090269/Japan/1992/Japan/	1992-01-01	1992.000000
NODE_0000063	1501-01-01	1501.003570
NODE_0000064	1557-12-10	1557.942051
D2/AB090268/Japan/1997/Japan/	1997-01-01	1997.000000
D2/AB109478/Japan/1998/Japan/	1998-01-01	1998.000000
NODE_0000065	1578-11-21	1578.892502
D2/AB119255/Japan/2001/Japan/	2001-01-01	2001.000000
D2/AB119256/Japan/1997/Japan/	1997-01-01	1997.000000
NODE_0000419	1538-06-01	1538.417229
NODE_0000067	1598-03-28	1598.240128
D2/AB109479/Japan/1997/Japan/	1997-01-01	1997.000000
NODE_0000068	1634-08-08	1634.603364
D2/AB109477/Japan/1997/Japan/	1997-01-01	1997.000000
NODE_0000069	1653-04-06	1653.265135
D2/AB110075/Japan/2001/Japan/	2001-01-01	2001.000000
NODE_0000070	1666-09-22	1666.726004
NODE_0000071	1798-04-11	1798.276816
D2/AB119251/Japan/2002/Japan/	2002-01-01	2002.000000
D2/AB119253/Japan/2000/Japan/	2000-01-01	2000.000000
NODE_0000072	1793-08-25	1793.649313
D2/AB119252/Japan/2002/Japan/	2002-01-01	2002.000000
D2/AB120308/Japan/1982/Japan/	1982-01-01	1982.000000
NODE_0000427	1549-01-17	1549.047519
NODE_0000432	1759-05-18	1759.379178
D2/AB109476/Japan/1997/Japan/	1997-01-01	1997.000000
D/AB210822/Japan/2001/Japan/	2001-01-01	2001.000000
NODE_0000053	1578-12-12	1578.948182
D2/AB119254/Japan/2003/Japan/	2003-01-01	2003.000000
D2/AB116266/Japan/1987/Japan/	1987-01-01	1987.000000
NODE_0000434	1578-12-12	1578.948182
D2/AB109475/Japan/2001/Japan/	2001-01-01	2001.000000
NODE_0000056	1773-02-22	1773.146793
D/AB267090/Japan/2005/Japan/	2005-01-01	2005.000000
NODE_0000057	1950-12-02	1950.921402
D2/AB078032/Japan/2000/Japan/	2000-01-01	2000.000000
D2/AB078031/Japan/1998/Japan/	1998-01-01	1998.000000
D2/AB078033/Japan/1998/Japan/	1998-01-01	1998.000000
NODE_0000350	0306-08-07	306.602247
NODE_0000351	0527-02-08	527.107843
D/FJ904422/Tunisia/2006/Tunisia/	2006-01-01	2006.000000
D/JN664931/India/2010/India/	2010-01-01	2010.000000
NODE_0000352	0462-12-28	462.991141
NODE_0000353	0579-09-29	579.745396
NODE_0000354	0797-12-29	797.994335
NODE_0000355	0946-10-02	946.755451
NODE_0000356	1090-09-30	1090.748749
D/JN040825/Iran/2007/Iran/	2007-01-01	2007.000000
D1/GU456636/Iran/2007/Iran/	2007-01-01	2007.000000
NODE_0000357	0985-08-26	985.652421
D/JN040826/Iran/2006/Iran/	2006-01-01	2006.000000
NODE_0000358	1024-06-26	1024.485826
D/JN040830/Iran/2006/Iran/	2006-01-01	2006.000000
D1/GU456637/Iran/2007/Iran/	2007-01-01	2007.000000
NODE_0000359	0858-02-06	858.103307
D/JN040827/Iran/2009/Iran/	2009-01-01	2009.000000
NODE_0000360	0897-10-17	897.795292
NODE_0000371	0985-03-20	985.218358
NODE_0000372	1065-09-30	1065.749668
D/G10453a/Belgium/1992/Belgium/	1992-01-01	1992.000000
NODE_0000373	1386-08-20	1386.636190
D/AY741797/Iran/2003/Iran/	2003-01-01	2003.000000
D/JN040824/Iran/2009/Iran/	2009-01-01	2009.000000
NODE_0000374	1143-09-21	1143.723119
NODE_0000375	1250-02-02	1250.091723
D/JN257148/Syria/2010/Syria/	2010-01-01	2010.000000
D1/JN642146/Lebanon/2010/Lebanon/	2010-01-01	2010.000000
NODE_0000376	2008-01-01	2008.000000
D/JN257187/Syria/2008/Syria/	2008-01-01	2008.000000
D/JN257188/Syria/2008/Syria/	2008-01-01	2008.000000
NODE_0000361	1656-12-16	1656.960857
D1/GQ477459/Poland/2006/Poland/	2006-01-01	2006.000000
NODE_0000362	1938-11-21	1938.891911
NODE_0000364	1956-04-15	1956.289118
D1/KF584159/Argentina/2010/Argentina/	2010-01-01	2010.000000
D1/KF584160/Argentina/2012/Argentina/	2012-01-01	2012.000000
NODE_0000459	1949-12-25	1949.984856
D1/KF584158/Argentina/2007/Argentina/	2007-01-01	2007.000000
NODE_0000365	2009-10-12	2009.782820
NODE_0000465	2011-01-01	2011.000000
D1/KF584165/Argentina/2011/Argentina/	2011-01-01	2011.000000
D1/KF584163/Argentina/2011/Argentina/	2011-01-01	2011.000000
NODE_0000469	2010-07-09	2010.521880
D1/KF584161/Argentina/2011/Argentina/	2011-01-01	2011.000000
NODE_0000474	2011-04-05	2011.260940
D1/KF584166/Argentina/2012/Argentina/	2012-01-01	2012.000000
NODE_0000477	2012-01-01	2012.000000
D1/KF584164/Argentina/2012/Argentina/	2012-01-01	2012.000000
D1/KF584162/Argentina/2012/Argentina/	2012-01-01	2012.000000
NODE_0000377	0934-08-09	934.606369
NODE_0000378	1541-05-29	1541.410412
D/KC774440/China/2012/China/	2012-01-01	2012.000000
NODE_0000379	1638-09-24	1638.732368
D/KC774444/China/2012/China/	2012-01-01	2012.000000
D/KC774459/China/2012/China/	2012-01-01	2012.000000
NODE_0000380	1011-02-19	1011.138734
NODE_0000381	1036-09-30	1036.749691
D/JN257154/Syria/2009/Syria/	2009-01-01	2009.000000
D/JN257183/Syria/2010/Syria/	2010-01-01	2010.000000
NODE_0000494	1153-05-26	1153.401986
D/JN257149/Syria/2010/Syria/	2010-01-01	2010.000000
NODE_0000383	1185-07-23	1185.558894
NODE_0000384	1291-09-29	1291.746875
D/FJ349231/Belgium/2005/Belgium/	2005-01-01	2005.000000
NODE_0000385	2009-01-01	2009.000000
D/JN257191/Syria/2009/Syria/	2009-01-01	2009.000000
D/JN257192/Syria/2009/Syria/	2009-01-01	2009.000000
NODE_0000386	1298-07-25	1298.565947
NODE_0000387	2009-01-01	2009.000000
D/JN257174/Syria/2009/Syria/	2009-01-01	2009.000000
D/JN257175/Syria/2009/Syria/	2009-01-01	2009.000000
NODE_0000388	1318-01-18	1318.049742
NODE_0000389	1561-02-03	1561.095025
NODE_0000390	1964-12-02	1964.921582
D/JN257157/Syria/2009/Syria/	2009-01-01	2009.000000
D/JN257158/Syria/2009/Syria/	2009-01-01	2009.000000
NODE_0000391	1991-08-29	1991.662002
D/JN257216/Syria/2009/Syria/	2009-01-01	2009.000000
D/JN257217/Syria/2009/Syria/	2009-01-01	2009.000000
NODE_0000392	1330-04-20	1330.302050
NODE_0000505	1774-10-11	1774.778857
D/JN257197/Syria/2009/Syria/	2009-01-01	2009.000000
NODE_0000394	2009-01-01	2009.000000
D/JN257155/Syria/2009/Syria/	2009-01-01	2009.000000
D/JN257156/Syria/2009/Syria/	2009-01-01	2009.000000
NODE_0000396	1342-03-25	1342.232527
NODE_0000397	1403-09-21	1403.723884
D/JN257169/Syria/2009/Syria/	2009-01-01	2009.000000
D/JN257210/Syria/2010/Syria/	2010-01-01	2010.000000
NODE_0000398	1352-03-01	1352.165545
D/JN257189/Syria/2008/Syria/	2008-01-01	2008.000000
NODE_0000399	1361-01-10	1361.029348
D/JN257164/Syria/2009/Syria/	2009-01-01	2009.000000
D1/JN642154/Lebanon/2010/Lebanon/	2010-01-01	2010.000000
NODE_0000401	1474-03-15	1474.202908
D1/JN642140/Lebanon/2010/Lebanon/	2010-01-01	2010.000000
D1/JN642161/Lebanon/2010/Lebanon/	2010-01-01	2010.000000
NODE_0000402	1362-01-27	1362.074482
NODE_0000403	2009-01-01	2009.000000
D/JN257198/Syria/2009/Syria/	2009-01-01	2009.000000
D/JN257199/Syria/2009/Syria/	2009-01-01	2009.000000
NODE_0000405	1603-01-13	1603.037829
D/JN257186/Syria/2008/Syria/	2008-01-01	2008.000000
D/JN257205/Syria/2009/Syria/	2009-01-01	2009.000000
NODE_0000406	1397-06-19	1397.466407
D1/JN642139/Lebanon/2010/Lebanon/	2010-01-01	2010.000000
NODE_0000407	1397-06-19	1397.466407
NODE_0000408	1952-05-02	1952.335359
D/JN257206/Syria/2010/Syria/	2010-01-01	2010.000000
D/JN257207/Syria/2010/Syria/	2010-01-01	2010.000000
NODE_0000409	1450-02-21	1450.144940
D1/JN642127/Lebanon/2010/Lebanon/	2010-01-01	2010.000000
D1/JN642145/Lebanon/2010/Lebanon/	2010-01-01	2010.000000
NODE_0000411	1499-09-12	1499.699654
D/JN257202/Syria/2009/Syria/	2009-01-01	2009.000000
D1/JN642149/Lebanon/2010/Lebanon/	2010-01-01	2010.000000
NODE_0000412	0619-08-22	619.642021
NODE_0000413	0742-07-27	742.569966
D1/AL17GF/Belgium/1997/Belgium/	1997-01-01	1997.000000
D1/JN642157/Lebanon/2010/Lebanon/	2010-01-01	2010.000000
NODE_0000414	0649-01-01	649.002077
NODE_0000415	1007-05-24	1007.396262
D1/JN642137/Lebanon/2010/Lebanon/	2010-01-01	2010.000000
NODE_0000416	1207-11-05	1207.846699
D/FJ349233/Belgium/2006/Belgium/	2006-01-01	2006.000000
NODE_0000417	1250-06-24	1250.479841
D/83a/Belgium/1987/Belgium/	1987-01-01	1987.000000
NODE_0000418	1329-09-20	1329.722588
D/JN257203/Syria/2009/Syria/	2009-01-01	2009.000000
D/JN257201/Syria/2009/Syria/	2009-01-01	2009.000000
NODE_0000420	1413-08-06	1413.599384
D/JN257162/Syria/2009/Syria/	2009-01-01	2009.000000
NODE_0000421	1897-05-14	1897.369454
D1/JN642141/Lebanon/2010/Lebanon/	2010-01-01	2010.000000
D1/JN642152/Lebanon/2010/Lebanon/	2010-01-01	2010.000000
NODE_0000422	0711-09-22	711.727186
D/JN040829/Iran/2006/Iran/	2006-01-01	2006.000000
NODE_0000423	0741-01-26	741.071295
NODE_0000424	0811-05-05	811.343991
D/FJ349235/Belgium/2007/Belgium/	2007-01-01	2007.000000
D/JN040828/Iran/2007/Iran/	2007-01-01	2007.000000
NODE_0000425	0781-06-21	781.472365
D1/GU456648/Iran/2007/Iran/	2007-01-01	2007.000000
NODE_0000426	0791-12-31	791.999554
D/JN040814/Iran/2009/Iran/	2009-01-01	2009.000000
D1/JN642142/Lebanon/2010/Lebanon/	2010-01-01	2010.000000
NODE_0000428	0801-12-10	801.943804
NODE_0000429	0883-05-02	883.335913
D/JN040804/Iran/2008/Iran/	2008-01-01	2008.000000
NODE_0000430	0991-01-26	991.071848
D/JN040803/Iran/2009/Iran/	2009-01-01	2009.000000
NODE_0000431	1790-03-04	1790.175146
D/JN040800/Iran/2009/Iran/	2009-01-01	2009.000000
D/JN040801/Iran/2009/Iran/	2009-01-01	2009.000000
NODE_0000433	0876-11-30	876.916004
NODE_0000435	0983-07-20	983.552135
D/KF471640/Iran/2007/Iran/	2007-01-01	2007.000000
D1/GU456638/Iran/2007/Iran/	2007-01-01	2007.000000
NODE_0000541	0912-02-08	912.108248
D/KF471649/Iran/2007/Iran/	2007-01-01	2007.000000
D/KF471647/Iran/2007/Iran/	2007-01-01	2007.000000
NODE_0000436	0819-05-29	819.410329
NODE_0000437	0828-02-19	828.137371
NODE_0000438	0891-02-19	891.139249
NODE_0000439	1141-09-14	1141.705911
D/JN040810/Iran/2007/Iran/	2007-01-01	2007.000000
D1/GU456641/Iran/2007/Iran/	2007-01-01	2007.000000
NODE_0000440	0987-01-29	987.079836
D/JN040811/Iran/2007/Iran/	2007-01-01	2007.000000
D1/GU456639/Iran/2007/Iran/	2007-01-01	2007.000000
NODE_0000441	0838-01-27	838.074146
NODE_0000442	0943-06-10	943.443460
D/AY741798/Iran/2003/Iran/	2003-01-01	2003.000000
D/JN040818/Iran/2009/Iran/	2009-01-01	2009.000000
NODE_0000444	0880-05-01	880.332474
D/JN040819/Iran/2009/Iran/	2009-01-01	2009.000000
NODE_0000445	0982-12-09	982.940148
D/JN040802/Iran/2008/Iran/	2008-01-01	2008.000000
D1/GU456643/Iran/2007/Iran/	2007-01-01	2007.000000
NODE_0000446	0876-12-11	876.945287
NODE_0000447	1198-11-15	1198.874272
D/JN040797/Iran/2009/Iran/	2009-01-01	2009.000000
D/JN040798/Iran/2009/Iran/	2009-01-01	2009.000000
NODE_0000448	0925-10-14	925.785809
D1/GU456647/Iran/2007/Iran/	2007-01-01	2007.000000
NODE_0000449	0956-11-01	956.835160
D/KF471643/Iran/2007/Iran/	2007-01-01	2007.000000
NODE_0000450	0974-09-20	974.721766
NODE_0000451	1032-05-02	1032.334244
D1/GU456640/Iran/2007/Iran/	2007-01-01	2007.000000
D1/GU456644/Iran/2007/Iran/	2007-01-01	2007.000000
NODE_0000452	1108-12-05	1108.928617
D1/GU456645/Iran/2007/Iran/	2007-01-01	2007.000000
D1/GU456646/Iran/2007/Iran/	2007-01-01	2007.000000
NODE_0000453	0847-06-04	847.424588
NODE_0000454	0867-06-26	867.484945
NODE_0000455	1045-01-12	1045.035364
D/JN040796/Iran/2009/Iran/	2009-01-01	2009.000000
D1/GU456652/Iran/2007/Iran/	2007-01-01	2007.000000
NODE_0000456	0940-11-01	940.836350
D/JN040812/Iran/2007/Iran/	2007-01-01	2007.000000
D1/GU456651/Iran/2007/Iran/	2007-01-01	2007.000000
NODE_0000457	0951-12-24	951.981196
NODE_0000458	0986-10-24	986.814427
D/KF471648/Iran/2007/Iran/	2007-01-01	2007.000000
D/JN040820/Iran/2007/Iran/	2007-01-01	2007.000000
NODE_0000460	1348-04-22	1348.307541
D/JN040817/Iran/2009/Iran/	2009-01-01	2009.000000
NODE_0000461	1667-04-18	1667.298174
D/JN040815/Iran/2008/Iran/	2008-01-01	2008.000000
D/JN040816/Iran/2008/Iran/	2008-01-01	2008.000000
NODE_0000462	0994-05-30	994.411825
NODE_0000463	1029-09-08	1029.688566
D/KF471655/Iran/2007/Iran/	2007-01-01	2007.000000
NODE_0000464	1078-04-23	1078.311953
D/JN040813/Iran/2008/Iran/	2008-01-01	2008.000000
D1/GU456650/Iran/2007/Iran/	2007-01-01	2007.000000
NODE_0000466	1091-09-16	1091.710119
D/JN040821/Iran/2006/Iran/	2006-01-01	2006.000000
NODE_0000467	1169-08-24	1169.648454
D/JN040822/Iran/2007/Iran/	2007-01-01	2007.000000
D/JN040823/Iran/2008/Iran/	2008-01-01	2008.000000
NODE_0000468	1178-07-18	1178.547488
D/JN257152/Syria/2009/Syria/	2009-01-01	2009.000000
D/AB222713/Uzbekistan/2004/Uzbekistan/	2004-01-01	2004.000000
NODE_0000475	1229-03-07	1229.182858
D/JN040807/Iran/2009/Iran/	2009-01-01	2009.000000
NODE_0000476	1324-12-13	1324.950727
D/JN040795/Iran/2008/Iran/	2008-01-01	2008.000000
D1/GU456649/Iran/2007/Iran/	2007-01-01	2007.000000
NODE_0000478	1263-05-21	1263.388508
D/JN040799/Iran/2006/Iran/	2006-01-01	2006.000000
NODE_0000479	1319-04-04	1319.259869
D/JN040805/Iran/2007/Iran/	2007-01-01	2007.000000
D/JN040806/Iran/2006/Iran/	2006-01-01	2006.000000
NODE_0000470	1197-10-07	1197.768237
NODE_0000471	1988-06-14	1988.453199
D/KF471651/Iran/2007/Iran/	2007-01-01	2007.000000
D/KF471652/Iran/2007/Iran/	2007-01-01	2007.000000
NODE_0000472	1260-03-06	1260.180591
D/JN040808/Iran/2007/Iran/	2007-01-01	2007.000000
NODE_0000473	1310-12-08	1310.938377
D/JN040809/Iran/2008/Iran/	2008-01-01	2008.000000
D1/GU456642/Iran/2007/Iran/	2007-01-01	2007.000000
NODE_0000480	0613-12-09	613.939701
NODE_0000481	0679-06-07	679.434695
NODE_0000482	0770-02-01	770.088606
NODE_0000483	1006-08-31	1006.667758
D1/JN642136/Lebanon/2010/Lebanon/	2010-01-01	2010.000000
D1/JN642138/Lebanon/2010/Lebanon/	2010-01-01	2010.000000
NODE_0000484	0805-03-18	805.212703
D/JN040754/Iran/2009/Iran/	2009-01-01	2009.000000
NODE_0000485	0863-10-10	863.775450
NODE_0000486	1035-05-23	1035.393151
D/JN040776/Iran/2006/Iran/	2006-01-01	2006.000000
D1/GU456680/Iran/2007/Iran/	2007-01-01	2007.000000
NODE_0000487	0975-02-12	975.117752
D1/GU456679/Iran/2007/Iran/	2007-01-01	2007.000000
D1/GU456681/Iran/2007/Iran/	2007-01-01	2007.000000
NODE_0000488	0744-10-14	744.786335
D/JN040753/Iran/2007/Iran/	2007-01-01	2007.000000
NODE_0000489	0796-08-10	796.608605
D/KF471646/Iran/2007/Iran/	2007-01-01	2007.000000
NODE_0000490	0816-03-01	816.165470
NODE_0000491	0905-01-15	905.043366
D1/GU456661/Iran/2007/Iran/	2007-01-01	2007.000000
NODE_0000492	0971-01-28	971.078881
D1/GU456664/Iran/2007/Iran/	2007-01-01	2007.000000
NODE_0000493	1005-04-16	1005.291136
D1/GU456662/Iran/2007/Iran/	2007-01-01	2007.000000
D1/GU456663/Iran/2007/Iran/	2007-01-01	2007.000000
D1/GU456665/Iran/2007/Iran/	2007-01-01	2007.000000
NODE_0000495	0847-07-26	847.566790
NODE_0000519	1026-09-04	1026.677414
D/JN040766/Iran/2009/Iran/	2009-01-01	2009.000000
D/KF471658/Iran/2007/Iran/	2007-01-01	2007.000000
NODE_0000520	0859-05-19	859.382926
NODE_0000521	0899-03-14	899.200478
D/KF471657/Iran/2007/Iran/	2007-01-01	2007.000000
NODE_0000522	0974-05-10	974.358484
D1/GU456669/Iran/2007/Iran/	2007-01-01	2007.000000
NODE_0000523	1150-04-06	1150.264766
D1/GU456659/Iran/2007/Iran/	2007-01-01	2007.000000
NODE_0000524	1324-11-07	1324.852464
D/JN040760/Iran/2007/Iran/	2007-01-01	2007.000000
D1/GU456660/Iran/2007/Iran/	2007-01-01	2007.000000
NODE_0000525	0869-11-28	869.909280
D1/GU456667/Iran/2007/Iran/	2007-01-01	2007.000000
NODE_0000527	0904-09-18	904.716871
NODE_0000528	1023-06-11	1023.444372
D1/GU456674/Iran/2007/Iran/	2007-01-01	2007.000000
D1/GU456675/Iran/2007/Iran/	2007-01-01	2007.000000
NODE_0000529	0998-10-14	998.787430
D1/GU456668/Iran/2007/Iran/	2007-01-01	2007.000000
NODE_0000530	1058-11-15	1058.874874
D/KF471644/Iran/2007/Iran/	2007-01-01	2007.000000
NODE_0000531	1144-03-11	1144.193358
D/JN040765/Iran/2009/Iran/	2009-01-01	2009.000000
NODE_0000532	1905-09-25	1905.735578
D/JN040763/Iran/2006/Iran/	2006-01-01	2006.000000
D/JN040764/Iran/2006/Iran/	2006-01-01	2006.000000
NODE_0000533	0883-05-20	883.384250
D1/GU456678/Iran/2007/Iran/	2007-01-01	2007.000000
NODE_0000534	0904-01-25	904.069370
NODE_0000535	1057-09-25	1057.736033
D/JN040771/Iran/2009/Iran/	2009-01-01	2009.000000
NODE_0000536	1145-05-04	1145.342103
D/JN040769/Iran/2008/Iran/	2008-01-01	2008.000000
D/JN040770/Iran/2006/Iran/	2006-01-01	2006.000000
NODE_0000537	0950-12-28	950.991588
D1/GU456670/Iran/2007/Iran/	2007-01-01	2007.000000
NODE_0000538	0973-07-27	973.569813
D/JN040761/Iran/2008/Iran/	2008-01-01	2008.000000
NODE_0000539	1114-11-25	1114.902417
D/JN040762/Iran/2009/Iran/	2009-01-01	2009.000000
D1/GU456676/Iran/2007/Iran/	2007-01-01	2007.000000
NODE_0000620	0968-11-18	968.883267
NODE_0000497	0998-10-13	998.783247
D/KF471641/Iran/2007/Iran/	2007-01-01	2007.000000
NODE_0000498	1020-04-12	1020.279655
NODE_0000499	1180-07-28	1180.573638
D1/GU456672/Iran/2007/Iran/	2007-01-01	2007.000000
D1/GU456673/Iran/2007/Iran/	2007-01-01	2007.000000
NODE_0000501	1164-08-28	1164.658598
D/KF471642/Iran/2007/Iran/	2007-01-01	2007.000000
D1/GU456658/Iran/2007/Iran/	2007-01-01	2007.000000
NODE_0000502	1168-08-15	1168.622708
NODE_0000503	1254-09-26	1254.737061
D/JN040767/Iran/2009/Iran/	2009-01-01	2009.000000
D/JN040768/Iran/2006/Iran/	2006-01-01	2006.000000
NODE_0000504	1990-05-27	1990.404964
D/JN257214/Syria/2009/Syria/	2009-01-01	2009.000000
D/JN257215/Syria/2009/Syria/	2009-01-01	2009.000000
NODE_0000634	0968-11-18	968.883267
NODE_0000512	1168-07-03	1168.505682
NODE_0000513	1206-04-01	1206.250290
D/KF471645/Iran/2007/Iran/	2007-01-01	2007.000000
NODE_0000514	1295-12-01	1295.919473
D/KF471653/Iran/2007/Iran/	2007-01-01	2007.000000
D/KF471659/Iran/2007/Iran/	2007-01-01	2007.000000
NODE_0000515	1230-03-14	1230.201235
D1/GU456666/Iran/2007/Iran/	2007-01-01	2007.000000
NODE_0000516	1406-09-06	1406.683530
D/JN257151/Syria/2008/Syria/	2008-01-01	2008.000000
NODE_0000517	2009-01-01	2009.000000
D/JN257172/Syria/2009/Syria/	2009-01-01	2009.000000
D/JN257173/Syria/2009/Syria/	2009-01-01	2009.000000
NODE_0000506	1183-05-13	1183.366314
NODE_0000507	1370-06-18	1370.463219
D/KF471654/Iran/2007/Iran/	2007-01-01	2007.000000
D1/GU456671/Iran/2007/Iran/	2007-01-01	2007.000000
NODE_0000508	1357-11-17	1357.880190
D/JN040759/Iran/2006/Iran/	2006-01-01	2006.000000
NODE_0000509	1410-04-03	1410.255819
D/JN040758/Iran/2007/Iran/	2007-01-01	2007.000000
NODE_0000510	1963-12-28	1963.992828
D/AY741794/Iran/2003/Iran/	2003-01-01	2003.000000
NODE_0000511	1989-05-23	1989.392353
D/AY741795/Iran/2003/Iran/	2003-01-01	2003.000000
D/AY741796/Iran/2003/Iran/	2003-01-01	2003.000000
NODE_0000540	0659-12-08	659.936346
NODE_0000542	0687-06-20	687.469568
D/AB222709/Uzbekistan/2004/Uzbekistan/	2004-01-01	2004.000000
NODE_0000543	0707-02-15	707.125973
NODE_0000545	0968-06-25	968.484318
D1/FJ904418/Tunisia/2006/Tunisia/	2006-01-01	2006.000000
D1/JN642164/Lebanon/2010/Lebanon/	2010-01-01	2010.000000
NODE_0000546	0846-07-01	846.500940
D7/FJ904424/Tunisia/2006/Tunisia/	2006-01-01	2006.000000
NODE_0000547	0988-09-23	988.729818
D/JN040757/Iran/2007/Iran/	2007-01-01	2007.000000
NODE_0000548	1174-02-21	1174.143475
D/JN040756/Iran/2008/Iran/	2008-01-01	2008.000000
D1/GU456677/Iran/2007/Iran/	2007-01-01	2007.000000
NODE_0000549	0739-06-25	739.483103
NODE_0000550	0801-06-22	801.475597
D/JN257159/Syria/2009/Syria/	2009-01-01	2009.000000
NODE_0000551	1143-03-21	1143.219977
D1/GU456683/Iran/2007/Iran/	2007-01-01	2007.000000
NODE_0000552	1978-02-04	1978.096592
D/JN257176/Syria/2009/Syria/	2009-01-01	2009.000000
D/JN257177/Syria/2009/Syria/	2009-01-01	2009.000000
NODE_0000553	0777-11-24	777.900380
NODE_0000554	0850-01-13	850.036971
D1/GU456682/Iran/2007/Iran/	2007-01-01	2007.000000
D1/JN642128/Lebanon/2010/Lebanon/	2010-01-01	2010.000000
NODE_0000555	0943-03-27	943.235572
D1/JN642156/Lebanon/2010/Lebanon/	2010-01-01	2010.000000
NODE_0000556	1062-07-19	1062.547926
D1/JN642133/Lebanon/2010/Lebanon/	2010-01-01	2010.000000
D1/JN642150/Lebanon/2010/Lebanon/	2010-01-01	2010.000000
NODE_0000557	0703-12-13	703.950713
NODE_0000558	0739-08-31	739.667018
NODE_0000559	0761-10-19	761.800829
D/KF471650/Iran/2007/Iran/	2007-01-01	2007.000000
NODE_0000560	0779-10-31	779.832944
D/JN040774/Iran/2006/Iran/	2006-01-01	2006.000000
NODE_0000561	0906-04-08	906.270615
D/JN040752/Iran/2009/Iran/	2009-01-01	2009.000000
NODE_0000562	1133-12-13	1133.951238
D/JN040772/Iran/2006/Iran/	2006-01-01	2006.000000
D/JN040773/Iran/2007/Iran/	2007-01-01	2007.000000
NODE_0000563	0762-06-14	762.453961
D/JN040750/Iran/2008/Iran/	2008-01-01	2008.000000
NODE_0000564	0783-03-08	783.185304
NODE_0000565	1096-03-09	1096.187969
D/MB3/Belgium/2008/Rwanda/	2008-01-01	2008.000000
D/MB5/Belgium/2008/Niger/	2008-01-01	2008.000000
NODE_0000566	0857-12-04	857.926650
D/JN040755/Iran/2006/Iran/	2006-01-01	2006.000000
NODE_0000567	0962-07-30	962.580181
D/JN040777/Iran/2007/Iran/	2007-01-01	2007.000000
D1/GU456684/Iran/2007/Iran/	2007-01-01	2007.000000
NODE_0000568	0789-02-02	789.091186
NODE_0000575	1440-07-08	1440.518640
D/JN257211/Syria/2010/Syria/	2010-01-01	2010.000000
NODE_0000576	1923-03-28	1923.238575
D/JN257212/Syria/2010/Syria/	2010-01-01	2010.000000
D/JN257213/Syria/2010/Syria/	2010-01-01	2010.000000
NODE_0000569	0833-12-15	833.957838
D/JN040751/Iran/2008/Iran/	2008-01-01	2008.000000
NODE_0000570	0949-09-15	949.706723
D/AB270547/Mongolia/2005/Mongolia/	2005-01-01	2005.000000
D/FJ562309/China/2007/China/	2007-01-01	2007.000000
NODE_0000572	0979-05-10	979.357888
D/AB270546/Mongolia/2005/Mongolia/	2005-01-01	2005.000000
NODE_0000573	1146-05-28	1146.407310
D/AB270540/Mongolia/2005/Mongolia/	2005-01-01	2005.000000
D/AB270541/Mongolia/2005/Mongolia/	2005-01-01	2005.000000
NODE_0000577	0857-05-06	857.347612
D/AB270549/Mongolia/2005/Mongolia/	2005-01-01	2005.000000
NODE_0000578	0968-05-07	968.350144
D/AB270550/Mongolia/2005/Mongolia/	2005-01-01	2005.000000
NODE_0000579	1005-01-03	1005.009490
NODE_0000580	2009-01-01	2009.000000
D/JN257153/Syria/2009/Syria/	2009-01-01	2009.000000
D/JN257195/Syria/2009/Syria/	2009-01-01	2009.000000
NODE_0000581	1696-08-24	1696.648819
D/GQ183461/India/2009/India/	2009-01-01	2009.000000
NODE_0000582	1752-04-14	1752.284779
NODE_0000583	1962-05-20	1962.384088
D/GQ183460/India/2009/India/	2009-01-01	2009.000000
D/GQ183469/India/2009/India/	2009-01-01	2009.000000
NODE_0000584	1841-09-27	1841.741708
D/GQ183459/India/2009/India/	2009-01-01	2009.000000
NODE_0000585	1862-05-08	1862.350655
D/GQ183458/India/2009/India/	2009-01-01	2009.000000
D/GQ183467/India/2009/India/	2009-01-01	2009.000000
D/GQ183463/India/2009/India/	2009-01-01	2009.000000
D/GQ183448/India/2009/India/	2009-01-01	2009.000000
NODE_0000571	1888-11-27	1888.906990
D/GQ183468/India/2009/India/	2009-01-01	2009.000000
NODE_0000574	1890-12-24	1890.980917
D/GQ183449/India/2009/India/	2009-01-01	2009.000000
NODE_0000586	1919-04-19	1919.300386
D/GQ183457/India/2009/India/	2009-01-01	2009.000000
NODE_0000689	1949-02-09	1949.110262
D/GQ183465/India/2009/India/	2009-01-01	2009.000000
NODE_0000691	1949-09-23	1949.729206
D/GQ183456/India/2009/India/	2009-01-01	2009.000000
NODE_0000693	1978-09-10	1978.694240
D/GQ183464/India/2009/India/	2009-01-01	2009.000000
NODE_0000696	1979-02-05	1979.101023
D/GQ183452/India/2009/India/	2009-01-01	2009.000000
NODE_0000701	1979-05-22	1979.390226
D/GQ183455/India/2009/India/	2009-01-01	2009.000000
NODE_0000707	2007-02-24	2007.152350
NODE_0000711	2009-01-01	2009.000000
D/GQ183462/India/2009/India/	2009-01-01	2009.000000
D/GQ183450/India/2009/India/	2009-01-01	2009.000000
NODE_0000714	2008-04-05	2008.260940
NODE_0000717	2009-01-01	2009.000000
D/GQ183454/India/2009/India/	2009-01-01	2009.000000
D/GQ183451/India/2009/India/	2009-01-01	2009.000000
NODE_0000718	2009-01-01	2009.000000
D/GQ183466/India/2009/India/	2009-01-01	2009.000000
D/GQ183453/India/2009/India/	2009-01-01	2009.000000
NODE_0000602	0828-11-26	828.905833
D1/GU456656/Iran/2007/Iran/	2007-01-01	2007.000000
D1/KF170739/Sudan/2008/Sudan/	2008-01-01	2008.000000
NODE_0000621	1008-09-26	1008.738588
D1/FJ904431/Tunisia/2006/Tunisia/	2006-01-01	2006.000000
NODE_0000623	1633-12-05	1633.930465
D1/FJ904412/Tunisia/2006/Tunisia/	2006-01-01	2006.000000
D1/FJ904443/Tunisia/2005/Tunisia/	2005-01-01	2005.000000
NODE_0000625	1110-03-14	1110.201335
D1/FJ904399/Tunisia/2006/Tunisia/	2006-01-01	2006.000000
NODE_0000626	1152-01-10	1152.029601
D1/FJ904402/Tunisia/2006/Tunisia/	2006-01-01	2006.000000
NODE_0000627	1172-02-05	1172.100824
D1/FJ904446/Tunisia/2006/Tunisia/	2006-01-01	2006.000000
NODE_0000628	1342-08-21	1342.638116
D1/FJ904429/Tunisia/2006/Tunisia/	2006-01-01	2006.000000
D1/FJ904432/Tunisia/2006/Tunisia/	2006-01-01	2006.000000
NODE_0000629	1053-05-18	1053.380465
NODE_0000630	1151-08-12	1151.615718
D1/FJ904427/Tunisia/2006/Tunisia/	2006-01-01	2006.000000
D1/FJ904445/Tunisia/2006/Tunisia/	2006-01-01	2006.000000
NODE_0000631	1161-04-05	1161.261721
D1/FJ904426/Tunisia/2006/Tunisia/	2006-01-01	2006.000000
NODE_0000632	1778-07-30	1778.578086
D1/FJ904420/Tunisia/2006/Tunisia/	2006-01-01	2006.000000
NODE_0000633	1833-11-03	1833.843240
D1/FJ904415/Tunisia/2006/Tunisia/	2006-01-01	2006.000000
D1/FJ904421/Tunisia/2006/Tunisia/	2006-01-01	2006.000000
NODE_0000603	0870-01-05	870.014861
NODE_0000604	0997-08-22	997.643392
D1/JN642126/Lebanon/2010/Lebanon/	2010-01-01	2010.000000
NODE_0000605	1341-03-27	1341.236083
D1/JN642151/Lebanon/2010/Lebanon/	2010-01-01	2010.000000
NODE_0000606	1394-01-29	1394.079911
D1/JN642130/Lebanon/2010/Lebanon/	2010-01-01	2010.000000
NODE_0000607	1469-01-12	1469.033892
D1/JN642132/Lebanon/2010/Lebanon/	2010-01-01	2010.000000
D1/JN642134/Lebanon/2010/Lebanon/	2010-01-01	2010.000000
NODE_0000608	0906-12-12	906.949566
NODE_0000609	1122-08-14	1122.619027
D/MB12/Belgium/2008/Congo/	2008-01-01	2008.000000
D1/GU456653/Iran/2007/Iran/	2007-01-01	2007.000000
NODE_0000611	1293-06-23	1293.478242
D1/GU456654/Iran/2007/Iran/	2007-01-01	2007.000000
D1/GU456655/Iran/2007/Iran/	2007-01-01	2007.000000
NODE_0000612	0960-03-25	960.231270
D/JN040783/Iran/2007/Iran/	2007-01-01	2007.000000
NODE_0000613	1000-01-28	1000.078156
D1/JN642167/Lebanon/2010/Lebanon/	2010-01-01	2010.000000
NODE_0000614	1018-06-02	1018.419993
NODE_0000615	1059-05-28	1059.405347
D/JN040782/Iran/2009/Iran/	2009-01-01	2009.000000
D/JN040784/Iran/2009/Iran/	2009-01-01	2009.000000
NODE_0000616	1069-02-24	1069.153273
NODE_0000617	1285-08-27	1285.654684
D/JN040778/Iran/2008/Iran/	2008-01-01	2008.000000
D1/JN642153/Lebanon/2010/Lebanon/	2010-01-01	2010.000000
NODE_0000618	1135-11-03	1135.842540
D/JN040779/Iran/2007/Iran/	2007-01-01	2007.000000
NODE_0000619	2009-01-01	2009.000000
D/JN257160/Syria/2009/Syria/	2009-01-01	2009.000000
D/JN257161/Syria/2009/Syria/	2009-01-01	2009.000000
NODE_0000636	0939-08-05	939.596030
D1/JN642129/Lebanon/2010/Lebanon/	2010-01-01	2010.000000
NODE_0000643	0966-06-14	966.453111
D/JN040789/Iran/2007/Iran/	2007-01-01	2007.000000
NODE_0000645	0997-01-15	997.043200
D1/EU594396/Kazakhstan/1997/Kazakhstan/	1997-01-01	1997.000000
NODE_0000646	1020-05-30	1020.412614
NODE_0000647	1050-07-04	1050.508784
NODE_0000648	1129-02-26	1129.156073
D1/JN642155/Lebanon/2010/Lebanon/	2010-01-01	2010.000000
D1/JN642165/Lebanon/2010/Lebanon/	2010-01-01	2010.000000
NODE_0000649	1070-10-11	1070.779213
D1/JN642131/Lebanon/2010/Lebanon/	2010-01-01	2010.000000
NODE_0000650	1998-06-17	1998.460081
D/JN257165/Syria/2009/Syria/	2009-01-01	2009.000000
D/JN257166/Syria/2009/Syria/	2009-01-01	2009.000000
NODE_0000651	1058-12-29	1058.995088
NODE_0000653	1194-03-23	1194.226818
D1/JN642135/Lebanon/2010/Lebanon/	2010-01-01	2010.000000
D1/JN642147/Lebanon/2010/Lebanon/	2010-01-01	2010.000000
NODE_0000758	1297-08-19	1297.632992
D/JN257150/Syria/2008/Syria/	2008-01-01	2008.000000
NODE_0000654	1362-03-23	1362.225022
D/JN257171/Syria/2009/Syria/	2009-01-01	2009.000000
NODE_0000655	1477-09-09	1477.692439
D/JN257163/Syria/2009/Syria/	2009-01-01	2009.000000
D/JN257170/Syria/2009/Syria/	2009-01-01	2009.000000
NODE_0000656	1051-11-28	1051.909314
NODE_0000657	1526-02-01	1526.088308
NODE_0000658	2010-01-01	2010.000000
D/JN257208/Syria/2010/Syria/	2010-01-01	2010.000000
D/JN257209/Syria/2010/Syria/	2010-01-01	2010.000000
NODE_0000659	1596-07-14	1596.535745
D/MB96/Belgium/2007/Ghana/	2007-01-01	2007.000000
NODE_0000660	2009-01-01	2009.000000
D/JN257193/Syria/2009/Syria/	2009-01-01	2009.000000
D/JN257194/Syria/2009/Syria/	2009-01-01	2009.000000
NODE_0000661	1077-02-20	1077.142064
D/JN040790/Iran/2006/Iran/	2006-01-01	2006.000000
NODE_0000662	1216-03-16	1216.206331
D/EU414136/Belarus/2005/Belarus/	2005-01-01	2005.000000
NODE_0000663	1248-04-19	1248.298803
D/70z/Belgium/2001/Belgium/	2001-01-01	2001.000000
NODE_0000664	1263-05-26	1263.400309
NODE_0000665	1337-04-23	1337.310975
D/JQ687531/China/2008/China/	2008-01-01	2008.000000
D1/GQ477458/Poland/2006/Poland/	2006-01-01	2006.000000
NODE_0000666	1328-03-11	1328.192724
D/G1034a/Belgium/2001/Belgium/	2001-01-01	2001.000000
NODE_0000667	1449-04-28	1449.323598
D/FJ349215/Belgium/1995/Belgium/	1995-01-01	1995.000000
NODE_0000668	1502-01-13	1502.036647
NODE_0000669	1642-10-20	1642.802656
D/FJ349216/Belgium/2000/Belgium/	2000-01-01	2000.000000
NODE_0000670	1699-09-17	1699.711967
D/FJ349220/Belgium/1999/Belgium/	1999-01-01	1999.000000
D/G10113a/Belgium/1986/Belgium/	1986-01-01	1986.000000
NODE_0000671	1546-03-19	1546.216236
D/FJ349217/Belgium/1999/Belgium/	1999-01-01	1999.000000
NODE_0000672	1611-02-22	1611.146711
D/FJ349210/Belgium/1998/Belgium/	1998-01-01	1998.000000
NODE_0000673	1906-06-12	1906.448037
D/8z/Belgium/2006/Belgium/	2006-01-01	2006.000000
D/FJ349219/Belgium/1999/Belgium/	1999-01-01	1999.000000
NODE_0000779	1102-09-12	1102.698848
NODE_0000639	1252-07-03	1252.505440
D/JN040785/Iran/2009/Iran/	2009-01-01	2009.000000
NODE_0000640	1794-10-01	1794.752619
D/JN040786/Iran/2009/Iran/	2009-01-01	2009.000000
NODE_0000641	1811-09-05	1811.680417
D/JN040787/Iran/2009/Iran/	2009-01-01	2009.000000
D/JN040788/Iran/2009/Iran/	2009-01-01	2009.000000
NODE_0000783	1102-09-12	1102.698848
D/FJ349228/Belgium/2005/Belgium/	2005-01-01	2005.000000
NODE_0000674	1155-11-08	1155.855326
D/AB270548/Mongolia/2005/Mongolia/	2005-01-01	2005.000000
NODE_0000686	1269-09-08	1269.688304
D/JN257184/Syria/2008/Syria/	2008-01-01	2008.000000
D/JN257185/Syria/2008/Syria/	2008-01-01	2008.000000
NODE_0000702	1412-10-09	1412.773702
D/KF061170/Pakistan/2012/Pakistan/	2012-01-01	2012.000000
NODE_0000703	1524-03-15	1524.203261
D/KF061169/Pakistan/2012/Pakistan/	2012-01-01	2012.000000
NODE_0000704	1697-05-01	1697.333343
D/KF061167/Pakistan/2012/Pakistan/	2012-01-01	2012.000000
D/KF061168/Pakistan/2012/Pakistan/	2012-01-01	2012.000000
NODE_0000697	1194-12-13	1194.950099
D/GQ183480/India/2009/India/	2009-01-01	2009.000000
NODE_0000698	1217-04-10	1217.275980
D/JN040775/Iran/2008/Iran/	2008-01-01	2008.000000
NODE_0000699	1471-10-09	1471.772755
D/JN040792/Iran/2008/Iran/	2008-01-01	2008.000000
NODE_0000700	1592-05-14	1592.367560
D/JN040791/Iran/2007/Iran/	2007-01-01	2007.000000
D/JN040793/Iran/2007/Iran/	2007-01-01	2007.000000
NODE_0000676	1179-05-09	1179.353368
NODE_0000677	1353-07-06	1353.514389
D/AB222710/Uzbekistan/2004/Uzbekistan/	2004-01-01	2004.000000
D/EU414137/Belarus/2005/Belarus/	2005-01-01	2005.000000
NODE_0000678	1371-12-15	1371.958068
NODE_0000679	1952-05-23	1952.393337
D/JN257167/Syria/2009/Syria/	2009-01-01	2009.000000
D/JN257168/Syria/2009/Syria/	2009-01-01	2009.000000
NODE_0000680	1409-07-03	1409.505064
D/JN257200/Syria/2009/Syria/	2009-01-01	2009.000000
D1/JN642158/Lebanon/2010/Lebanon/	2010-01-01	2010.000000
NODE_0000682	1465-03-17	1465.208609
D1/JN642166/Lebanon/2010/Lebanon/	2010-01-01	2010.000000
NODE_0000683	2010-01-01	2010.000000
D/JN257179/Syria/2010/Syria/	2010-01-01	2010.000000
D/JN257180/Syria/2010/Syria/	2010-01-01	2010.000000
NODE_0000687	1200-08-15	1200.622975
D/GQ183470/India/2009/India/	2009-01-01	2009.000000
NODE_0000688	1310-07-13	1310.531858
D/AB270544/Mongolia/2005/Mongolia/	2005-01-01	2005.000000
D1/GU357846/China/2006/China/	2006-01-01	2006.000000
NODE_0000690	1330-02-19	1330.139117
D/AB270542/Mongolia/2005/Mongolia/	2005-01-01	2005.000000
NODE_0000692	1365-04-09	1365.272190
D/AB270545/Mongolia/2005/Mongolia/	2005-01-01	2005.000000
D/KC774445/China/2012/China/	2012-01-01	2012.000000
NODE_0000804	1539-08-03	1539.591265
NODE_0000695	1582-04-16	1582.292045
D/EU414135/Belarus/2005/Belarus/	2005-01-01	2005.000000
D1/FJ386590/China/2008/China/	2008-01-01	2008.000000
NODE_0000694	1637-12-03	1637.924750
D/AB270543/Mongolia/2005/Mongolia/	2005-01-01	2005.000000
D1/GQ377589/China/2007/China/	2007-01-01	2007.000000
NODE_0000705	1183-04-22	1183.307232
D/JN257182/Syria/2009/Syria/	2009-01-01	2009.000000
NODE_0000719	1275-04-03	1275.255082
D/AB222711/Uzbekistan/2004/Uzbekistan/	2004-01-01	2004.000000
NODE_0000720	1498-03-18	1498.211557
D/FJ349229/Belgium/2005/Belgium/	2005-01-01	2005.000000
D/FJ349230/Belgium/2005/Belgium/	2005-01-01	2005.000000
NODE_0000722	1344-11-11	1344.864059
D/JN040780/Iran/2007/Iran/	2007-01-01	2007.000000
NODE_0000723	1413-05-20	1413.383356
D/G1047a/Belgium/1987/Belgium/	1987-01-01	1987.000000
D/JN040781/Iran/2009/Iran/	2009-01-01	2009.000000
NODE_0000725	1513-10-12	1513.780399
D1/AY945307/India/1999/India/	1999-01-01	1999.000000
NODE_0000726	1562-01-09	1562.025599
D/GU563549/Belgium/2008/Belgium/	2008-01-01	2008.000000
D/KF471656/Iran/2007/Iran/	2007-01-01	2007.000000
NODE_0000706	1206-10-27	1206.823875
D/AB222712/Uzbekistan/2004/Uzbekistan/	2004-01-01	2004.000000
NODE_0000708	1225-12-31	1225.999855
D/FJ349234/Belgium/2007/Belgium/	2007-01-01	2007.000000
NODE_0000709	1333-05-08	1333.350945
D/JN040794/Iran/2008/Iran/	2008-01-01	2008.000000
D1/GU456657/Iran/2007/Iran/	2007-01-01	2007.000000
NODE_0000710	1415-11-16	1415.877441
D1/FJ899792/China/2007/China/	2007-01-01	2007.000000
D/HQ833465/China/2009/China/	2009-01-01	2009.000000
NODE_0000712	1477-07-07	1477.517360
NODE_0000713	1593-12-14	1593.954981
D/HQ833467/China/2009/China/	2009-01-01	2009.000000
D/HQ833471/China/2009/China/	2009-01-01	2009.000000
NODE_0000715	1658-03-06	1658.179596
D/HQ833466/China/2009/China/	2009-01-01	2009.000000
D/HQ833468/China/2009/China/	2009-01-01	2009.000000
NODE_0000716	1813-05-21	1813.386559
D/HQ833469/China/2009/China/	2009-01-01	2009.000000
D/HQ833470/China/2009/China/	2009-01-01	2009.000000
NODE_0000727	1466-08-08	1466.603054
NODE_0000728	1536-01-31	1536.085433
D/HQ700472/NewZealand/1997/NewZealand/	1997-01-01	1997.000000
D/HQ700478/NewZealand/1994/NewZealand/	1994-01-01	1994.000000
NODE_0000824	1467-09-27	1467.739256
NODE_0000730	1867-02-19	1867.137772
D/HQ700473/NewZealand/1984/NewZealand/	1984-01-01	1984.000000
D/HQ700474/NewZealand/1999/NewZealand/	1999-01-01	1999.000000
NODE_0000731	1617-10-05	1617.763562
NODE_0000740	1667-10-25	1667.816521
NODE_0000741	1811-05-09	1811.353672
D/HQ700480/NewZealand/1984/NewZealand/	1984-01-01	1984.000000
D/HQ700481/NewZealand/1999/NewZealand/	1999-01-01	1999.000000
NODE_0000742	1697-09-15	1697.707879
D/HQ700491/NewZealand/1996/NewZealand/	1996-01-01	1996.000000
NODE_0000743	1720-11-02	1720.838410
NODE_0000746	1733-08-21	1733.640579
D/HQ700467/NewZealand/1999/NewZealand/	1999-01-01	1999.000000
NODE_0000832	1899-11-17	1899.879247
D/HQ700470/NewZealand/1999/NewZealand/	1999-01-01	1999.000000
D/HQ700469/NewZealand/1984/NewZealand/	1984-01-01	1984.000000
NODE_0000833	1811-07-09	1811.522673
D/HQ700479/NewZealand/1984/NewZealand/	1984-01-01	1984.000000
NODE_0000744	1859-01-02	1859.008128
D/HQ700483/NewZealand/1984/NewZealand/	1984-01-01	1984.000000
D/HQ700484/NewZealand/1984/NewZealand/	1984-01-01	1984.000000
NODE_0000721	1646-03-08	1646.184203
NODE_0000835	1894-03-25	1894.232681
NODE_0000750	1984-01-01	1984.000000
D/HQ700447/NewZealand/1984/NewZealand/	1984-01-01	1984.000000
D/HQ700448/NewZealand/1999/NewZealand/	1999-01-01	1999.000000
NODE_0000837	1901-08-17	1901.627034
D/HQ700459/NewZealand/1993/NewZealand/	1993-01-01	1993.000000
NODE_0000838	1901-08-17	1901.627034
D/HQ700441/NewZealand/1984/NewZealand/	1984-01-01	1984.000000
NODE_0000734	1929-09-01	1929.670210
D/HQ700449/NewZealand/1984/NewZealand/	1984-01-01	1984.000000
D/HQ700465/NewZealand/1992/NewZealand/	1992-01-01	1992.000000
NODE_0000737	1984-01-01	1984.000000
D/HQ700442/NewZealand/1984/NewZealand/	1984-01-01	1984.000000
D/HQ700443/NewZealand/1999/NewZealand/	1999-01-01	1999.000000
NODE_0000738	1952-07-30	1952.579769
D/HQ700450/NewZealand/1984/NewZealand/	1984-01-01	1984.000000
NODE_0000739	1978-08-30	1978.665151
D/HQ700460/NewZealand/1984/NewZealand/	1984-01-01	1984.000000
D/HQ700487/NewZealand/1988/NewZealand/	1988-01-01	1988.000000
NODE_0000751	1676-01-28	1676.077909
D/HQ700477/NewZealand/1984/NewZealand/	1984-01-01	1984.000000
NODE_0000752	1695-11-11	1695.862437
NODE_0000762	1707-07-18	1707.546235
D/HQ700440/NewZealand/1984/NewZealand/	1984-01-01	1984.000000
NODE_0000763	1716-05-08	1716.351875
NODE_0000847	1889-08-19	1889.634151
D/HQ700466/NewZealand/1984/NewZealand/	1984-01-01	1984.000000
D/HQ700453/NewZealand/1984/NewZealand/	1984-01-01	1984.000000
NODE_0000765	1736-11-24	1736.899579
D/HQ700463/NewZealand/1984/NewZealand/	1984-01-01	1984.000000
NODE_0000766	1777-09-26	1777.737572
D/HQ700444/NewZealand/1984/NewZealand/	1984-01-01	1984.000000
D/HQ700468/NewZealand/1984/NewZealand/	1984-01-01	1984.000000
NODE_0000850	1741-11-30	1741.916149
NODE_0000759	1801-09-19	1801.718473
D/HQ700489/NewZealand/1999/NewZealand/	1999-01-01	1999.000000
NODE_0000852	1862-08-25	1862.650795
D/HQ700488/NewZealand/1984/NewZealand/	1984-01-01	1984.000000
NODE_0000761	1922-06-14	1922.453436
D/HQ700452/NewZealand/1984/NewZealand/	1984-01-01	1984.000000
D/HQ700464/NewZealand/1984/NewZealand/	1984-01-01	1984.000000
NODE_0000854	1796-02-26	1796.157016
NODE_0000755	1921-09-05	1921.679065
D/HQ700454/NewZealand/1984/NewZealand/	1984-01-01	1984.000000
D/HQ700455/NewZealand/1999/NewZealand/	1999-01-01	1999.000000
NODE_0000856	1796-02-26	1796.157016
D/HQ700471/NewZealand/1984/NewZealand/	1984-01-01	1984.000000
NODE_0000756	1906-10-07	1906.767954
D/HQ700482/NewZealand/1984/NewZealand/	1984-01-01	1984.000000
NODE_0000757	1984-01-01	1984.000000
D/HQ700445/NewZealand/1984/NewZealand/	1984-01-01	1984.000000
D/HQ700446/NewZealand/1999/NewZealand/	1999-01-01	1999.000000
